측정시간,온도_섭씨,압력_Pa,가스유량_slm,전력_W,진공도_mTorr,두께_nm,합격여부
2024-05-01 12:00,304.4246,1007.9539,49.7231,1979.6766,4.3765,100.0201,1
2024-05-01 23:00,296.9663,1015.8052,50.0544,,4.9682,102.6425,1
2024-05-02 09:00,301.0455,1015.5117,52.1695,2203.0878,5.8511,114.6873,0
2024-05-02 20:00,298.8928,1000.6115,48.4666,1994.5588,4.9077,99.2468,1
2024-05-03 03:00,300.176,1014.6082,49.4435,1952.8872,5.5004,99.4046,1
2024-05-03 12:00,306.8995,1004.5041,49.1444,2040.8535,4.8662,99.2715,1
2024-05-03 15:00,293.2651,1010.1722,49.9336,1999.8076,4.9733,100.3544,1
2024-05-03 21:00,305.4628,1002.2706,49.7557,2009.6944,5.5237,96.6382,1
2024-05-03 23:00,299.1651,997.5462,52.4435,1994.8974,5.31,102.0865,1
2024-05-04 08:00,302.4906,1023.4927,45.9509,,5.454,98.5505,1
2024-05-04 12:00,299.0688,1005.163,49.0864,1974.4334,,98.7073,1
2024-05-04 16:00,300.5753,1022.0727,48.7706,1988.5699,5.0214,100.7541,1
2024-05-05 03:00,301.3932,1015.2155,51.7566,2005.2691,4.7586,99.8565,1
2024-05-05 11:00,300.4748,,52.3915,1984.6142,4.482,100.5988,1
2024-05-05 18:00,300.6606,1017.7825,48.0946,2013.2195,4.5255,100.6649,1
2024-05-06 05:00,296.7129,1003.3411,52.997,2017.9994,5.0451,99.0861,1
2024-05-06 09:00,301.6014,1023.1356,48.5747,2011.4267,5.0008,104.532,1
2024-05-06 17:00,306.9565,1006.1935,51.1576,2154.1573,6.2307,104.0049,0
2024-05-06 22:00,306.2803,,49.3215,2045.202,4.9359,96.5282,1
2024-05-07 09:00,299.5425,1008.8828,48.4771,2075.5919,4.6704,98.8069,1
2024-05-07 15:00,304.9609,1018.191,46.0861,1998.9485,5.4195,104.2531,1
2024-05-07 17:00,300.8961,,53.6218,2024.7195,4.4117,102.7096,1
2024-05-08 03:00,300.1278,1026.0893,48.4746,1978.6798,4.6844,98.7791,1
2024-05-08 08:00,303.9202,1023.4974,45.5649,2207.5396,3.9575,114.8411,0
2024-05-08 17:00,300.7205,1020.877,53.7681,1974.8037,5.2091,98.6786,1
2024-05-08 20:00,295.3656,1018.2667,48.1384,2081.53,5.1292,97.7022,1
2024-05-09 07:00,301.3809,1007.0729,47.5515,1939.3086,5.0988,100.7401,1
2024-05-09 09:00,299.8893,1008.7743,49.7274,2020.224,4.7479,102.5456,1
2024-05-09 14:00,300.5744,1011.6263,49.4692,2206.9284,6.5815,112.3065,0
2024-05-09 23:00,303.742,1015.9392,47.9945,1989.6952,5.2759,100.4949,1
2024-05-10 00:00,302.2114,1010.3333,50.0028,2013.9729,5.1172,95.9217,1
2024-05-10 07:00,306.5657,1011.5494,51.3131,1990.0832,5.2812,103.059,1
2024-05-10 10:00,300.6587,1012.6328,49.8485,,5.4899,,1
2024-05-10 14:00,299.2581,1029.7488,53.1564,2038.2231,5.1342,98.8989,1
2024-05-10 22:00,295.655,1027.5168,50.981,1984.5896,4.838,98.2972,1
2024-05-11 03:00,306.8741,996.3121,49.4787,2042.2522,4.317,103.3222,1
2024-05-11 12:00,305.2347,1016.887,53.7662,2149.0373,6.963,,0
2024-05-11 18:00,291.1403,1023.1827,52.455,1979.9866,4.9199,,1
2024-05-11 23:00,294.0749,,48.576,2041.1613,4.8155,,1
2024-05-12 10:00,305.5988,1009.0457,52.2655,1976.2144,4.881,102.3922,1
2024-05-12 11:00,299.0875,1019.8317,50.6087,1960.0477,4.8579,101.9409,1
2024-05-12 22:00,301.0239,1023.9257,52.9006,1968.8792,5.0611,100.737,1
2024-05-13 07:00,297.1359,1003.2805,54.1043,2040.9336,5.0246,101.7166,1
2024-05-13 11:00,300.7397,1016.2125,52.7354,1995.8445,5.0383,97.8099,1
2024-05-13 22:00,294.3387,1007.4419,48.4931,2020.1871,,102.4406,1
2024-05-14 00:00,300.4993,1007.7752,51.0291,1956.3594,,100.5641,1
2024-05-14 02:00,293.0751,1018.3719,47.0583,1922.5529,4.3938,97.2365,1
2024-05-14 10:00,295.1557,1004.6727,46.2331,1998.3031,4.3888,98.736,1
2024-05-14 18:00,293.6484,1018.6366,50.8625,1979.5743,,97.732,1
2024-05-14 22:00,299.7527,1017.5715,49.6455,,4.8414,102.2576,1
2024-05-15 01:00,299.6059,1010.8428,47.9083,2020.5816,6.5725,109.8954,0
2024-05-15 11:00,299.6822,1014.6683,48.0029,2040.288,5.4496,96.0568,1
2024-05-07 15:00,304.9609,1018.191,46.0861,1998.9485,5.4195,104.2531,1
2024-05-15 18:00,293.6714,1010.5132,51.3167,1939.0441,4.7611,100.118,1
2024-05-16 02:00,303.5606,1015.4775,49.1233,1972.4402,5.1713,,1
2024-05-16 05:00,304.9077,1012.6559,52.2327,1977.8283,4.9347,99.2845,1
2024-05-16 12:00,302.9293,1021.5426,51.856,2009.1007,5.0637,101.728,1
2024-05-16 19:00,298.2638,1035.7715,46.6557,2026.9397,4.5098,100.6168,1
2024-05-16 20:00,303.7126,1013.9952,47.953,1957.6586,4.7091,97.2677,1
2024-05-17 00:00,300.2539,1015.7347,50.598,2012.7437,4.8126,,1
2024-05-17 04:00,296.9961,1015.5092,48.1455,2030.0374,5.4652,99.2808,1
2024-05-17 07:00,301.8665,1013.0535,51.7071,2004.1675,4.6668,95.4768,1
2024-05-17 14:00,302.4818,1011.8486,46.8449,1969.0835,5.0208,103.0884,1
2024-05-17 19:00,303.1927,1004.151,54.1617,2059.405,,98.1916,1
2024-05-18 02:00,299.202,1011.1102,49.8084,1996.1708,4.6948,101.1177,1
2024-05-18 09:00,305.5119,1010.8811,51.488,1958.6072,4.5515,101.2831,1
2024-05-18 20:00,299.0852,1030.2257,47.7668,1991.8079,4.5531,101.2765,1
2024-05-19 01:00,298.6825,1020.0701,51.4829,1990.3116,4.5238,101.0138,1
2024-05-17 14:00,302.4818,1011.8486,46.8449,1969.0835,5.0208,103.0884,1
2024-05-19 11:00,296.9967,,53.839,2010.4983,5.086,101.2563,1
2024-05-19 16:00,301.0761,1020.2359,47.8817,2147.8084,6.5783,108.8847,0
2024-05-19 20:00,298.1739,1025.1469,47.5738,2006.1726,4.5568,101.4937,1
2024-05-11 03:00,306.8741,996.3121,49.4787,2042.2522,4.317,103.3222,1
2024-05-20 02:00,297.3741,1021.9404,49.4957,2020.3589,4.9531,98.2867,1
2024-05-20 11:00,299.1152,1025.8454,50.1728,2152.8947,6.3383,100.305,0
2024-05-20 20:00,300.8547,1015.9617,51.5659,2008.3776,5.4015,99.0191,1
2024-05-21 04:00,297.6229,1016.0994,54.5134,2022.6468,6.3844,111.2351,0
2024-05-21 07:00,303.0455,1023.3323,47.8798,2090.4047,5.3753,102.3039,1
2024-05-21 17:00,292.574,1020.2871,51.704,2159.2894,5.1938,107.8247,0
2024-05-21 20:00,300.3226,1025.382,51.1357,2025.5934,4.8743,97.9082,1
2024-05-21 21:00,300.7278,1028.0058,49.3595,1968.4242,4.739,95.8073,1
2024-05-22 08:00,293.8986,1005.3132,50.318,2014.0247,5.0269,101.1219,1
2024-05-22 13:00,300.7131,1010.9295,50.8644,2022.2168,4.9975,97.4045,1
2024-05-22 18:00,295.8262,1017.7761,49.3233,2028.7055,4.9479,102.4681,1
2024-05-23 02:00,300.9983,1015.2429,48.3942,2010.9617,4.9997,100.8753,1
2024-05-23 13:00,302.6915,1003.8995,57.5041,1964.0403,4.8885,98.6002,1
2024-05-23 14:00,302.2148,1024.8523,48.4589,2087.063,4.7786,108.5861,0
2024-05-23 20:00,294.5176,,50.836,2130.6597,7.2933,104.2048,0
2024-05-24 03:00,304.5579,1017.6343,48.314,1975.4509,4.9087,100.2319,1
2024-05-24 08:00,291.2671,1007.722,47.1351,2017.6056,5.5832,103.7175,1
2024-05-24 18:00,301.9185,1000.5174,49.8764,2004.6201,4.8207,100.7797,1
2024-05-24 20:00,298.0587,1015.0792,51.1594,1969.3507,4.9255,97.6673,1
2024-05-25 01:00,296.0409,1019.2312,47.824,2005.7557,5.1199,101.026,1
2024-05-25 11:00,291.7849,1013.0421,51.0562,1981.8074,5.0773,97.9942,1
2024-05-25 20:00,299.9691,1014.6413,49.4285,1943.4582,4.6138,98.5861,1
2024-05-25 23:00,295.6535,1017.4138,48.32,2044.2201,4.5002,103.2409,1
2024-05-26 03:00,302.9334,1013.1988,47.0798,2039.6208,4.7776,100.9307,1
2024-05-26 11:00,297.9717,998.2071,47.7721,2029.0628,5.3628,94.9225,1
2024-05-26 19:00,302.0276,1012.975,51.7542,1994.1798,5.4679,102.2773,1
2024-05-26 21:00,301.5496,1013.3339,50.3089,2138.0112,6.9911,106.1099,0
2024-05-27 08:00,298.6814,999.1008,50.3761,1994.1703,5.3852,101.1773,1
2024-05-27 13:00,306.6286,1013.7588,49.1667,2005.5051,4.5937,96.9759,1
2024-05-27 21:00,301.6929,1020.5688,51.7419,2004.8054,5.2653,100.6508,1